record,gap,rep,dut,fclk_mhz,samples,clocks,first_out_clk,sample_latency_clk,sample_latency_ns,exec_time_us,throughput_msps
clean,0,0,A_direct,150.0,140015,140016,1,2,13.333333333333334,933.44,149.99892869386358
clean,0,0,B_fold,150.0,140015,140016,1,2,13.333333333333334,933.44,149.99892869386358
clean,0,0,C_pipe,150.0,140015,140020,5,5,33.333333333333336,933.4666666666667,149.99464362233965
clean,7,0,A_direct,150.0,140015,1120114,1,2,13.333333333333334,7467.426666666666,18.750100436205603
clean,7,0,B_fold,150.0,140015,1120114,1,2,13.333333333333334,7467.426666666666,18.750100436205603
clean,7,0,C_pipe,150.0,140015,1120118,5,5,33.333333333333336,7467.453333333333,18.750033478615645
awgn_+30dB,0,0,A_direct,150.0,140015,140016,1,2,13.333333333333334,933.44,149.99892869386358
awgn_+30dB,0,0,B_fold,150.0,140015,140016,1,2,13.333333333333334,933.44,149.99892869386358
awgn_+30dB,0,0,C_pipe,150.0,140015,140020,5,5,33.333333333333336,933.4666666666667,149.99464362233965
awgn_+30dB,7,0,A_direct,150.0,140015,1120114,1,2,13.333333333333334,7467.426666666666,18.750100436205603
awgn_+30dB,7,0,B_fold,150.0,140015,1120114,1,2,13.333333333333334,7467.426666666666,18.750100436205603
awgn_+30dB,7,0,C_pipe,150.0,140015,1120118,5,5,33.333333333333336,7467.453333333333,18.750033478615645
awgn_+25dB,0,0,A_direct,150.0,140015,140016,1,2,13.333333333333334,933.44,149.99892869386358
awgn_+25dB,0,0,B_fold,150.0,140015,140016,1,2,13.333333333333334,933.44,149.99892869386358
awgn_+25dB,0,0,C_pipe,150.0,140015,140020,5,5,33.333333333333336,933.4666666666667,149.99464362233965
awgn_+25dB,7,0,A_direct,150.0,140015,1120114,1,2,13.333333333333334,7467.426666666666,18.750100436205603
awgn_+25dB,7,0,B_fold,150.0,140015,1120114,1,2,13.333333333333334,7467.426666666666,18.750100436205603
awgn_+25dB,7,0,C_pipe,150.0,140015,1120118,5,5,33.333333333333336,7467.453333333333,18.750033478615645
awgn_+20dB,0,0,A_direct,150.0,140015,140016,1,2,13.333333333333334,933.44,149.99892869386358
awgn_+20dB,0,0,B_fold,150.0,140015,140016,1,2,13.333333333333334,933.44,149.99892869386358
awgn_+20dB,0,0,C_pipe,150.0,140015,140020,5,5,33.333333333333336,933.4666666666667,149.99464362233965
awgn_+20dB,7,0,A_direct,150.0,140015,1120114,1,2,13.333333333333334,7467.426666666666,18.750100436205603
awgn_+20dB,7,0,B_fold,150.0,140015,1120114,1,2,13.333333333333334,7467.426666666666,18.750100436205603
awgn_+20dB,7,0,C_pipe,150.0,140015,1120118,5,5,33.333333333333336,7467.453333333333,18.750033478615645
awgn_+15dB,0,0,A_direct,150.0,140015,140016,1,2,13.333333333333334,933.44,149.99892869386358
awgn_+15dB,0,0,B_fold,150.0,140015,140016,1,2,13.333333333333334,933.44,149.99892869386358
awgn_+15dB,0,0,C_pipe,150.0,140015,140020,5,5,33.333333333333336,933.4666666666667,149.99464362233965
awgn_+15dB,7,0,A_direct,150.0,140015,1120114,1,2,13.333333333333334,7467.426666666666,18.750100436205603
awgn_+15dB,7,0,B_fold,150.0,140015,1120114,1,2,13.333333333333334,7467.426666666666,18.750100436205603
awgn_+15dB,7,0,C_pipe,150.0,140015,1120118,5,5,33.333333333333336,7467.453333333333,18.750033478615645
awgn_+10dB,0,0,A_direct,150.0,140015,140016,1,2,13.333333333333334,933.44,149.99892869386358
awgn_+10dB,0,0,B_fold,150.0,140015,140016,1,2,13.333333333333334,933.44,149.99892869386358
awgn_+10dB,0,0,C_pipe,150.0,140015,140020,5,5,33.333333333333336,933.4666666666667,149.99464362233965
awgn_+10dB,7,0,A_direct,150.0,140015,1120114,1,2,13.333333333333334,7467.426666666666,18.750100436205603
awgn_+10dB,7,0,B_fold,150.0,140015,1120114,1,2,13.333333333333334,7467.426666666666,18.750100436205603
awgn_+10dB,7,0,C_pipe,150.0,140015,1120118,5,5,33.333333333333336,7467.453333333333,18.750033478615645
awgn_+5dB,0,0,A_direct,150.0,140015,140016,1,2,13.333333333333334,933.44,149.99892869386358
awgn_+5dB,0,0,B_fold,150.0,140015,140016,1,2,13.333333333333334,933.44,149.99892869386358
awgn_+5dB,0,0,C_pipe,150.0,140015,140020,5,5,33.333333333333336,933.4666666666667,149.99464362233965
awgn_+5dB,7,0,A_direct,150.0,140015,1120114,1,2,13.333333333333334,7467.426666666666,18.750100436205603
awgn_+5dB,7,0,B_fold,150.0,140015,1120114,1,2,13.333333333333334,7467.426666666666,18.750100436205603
awgn_+5dB,7,0,C_pipe,150.0,140015,1120118,5,5,33.333333333333336,7467.453333333333,18.750033478615645
awgn_+1dB,0,0,A_direct,150.0,140015,140016,1,2,13.333333333333334,933.44,149.99892869386358
awgn_+1dB,0,0,B_fold,150.0,140015,140016,1,2,13.333333333333334,933.44,149.99892869386358
awgn_+1dB,0,0,C_pipe,150.0,140015,140020,5,5,33.333333333333336,933.4666666666667,149.99464362233965
awgn_+1dB,7,0,A_direct,150.0,140015,1120114,1,2,13.333333333333334,7467.426666666666,18.750100436205603
awgn_+1dB,7,0,B_fold,150.0,140015,1120114,1,2,13.333333333333334,7467.426666666666,18.750100436205603
awgn_+1dB,7,0,C_pipe,150.0,140015,1120118,5,5,33.333333333333336,7467.453333333333,18.750033478615645
awgn_-5dB,0,0,A_direct,150.0,140015,140016,1,2,13.333333333333334,933.44,149.99892869386358
awgn_-5dB,0,0,B_fold,150.0,140015,140016,1,2,13.333333333333334,933.44,149.99892869386358
awgn_-5dB,0,0,C_pipe,150.0,140015,140020,5,5,33.333333333333336,933.4666666666667,149.99464362233965
awgn_-5dB,7,0,A_direct,150.0,140015,1120114,1,2,13.333333333333334,7467.426666666666,18.750100436205603
awgn_-5dB,7,0,B_fold,150.0,140015,1120114,1,2,13.333333333333334,7467.426666666666,18.750100436205603
awgn_-5dB,7,0,C_pipe,150.0,140015,1120118,5,5,33.333333333333336,7467.453333333333,18.750033478615645
