record,snr_in_nominal,gap,rep,dut,samples,mismatches,checksum_ok,snr_in,snr_out,snri,mse,cor,fidelity_snr
clean,,0,0,A_direct,140015,0,True,inf,35.921046,-inf,0.003378,0.999994,35.930179
clean,,0,0,B_fold,140015,0,True,inf,35.921046,-inf,0.003378,0.999994,35.930179
clean,,0,0,C_pipe,140015,0,True,inf,35.921046,-inf,0.003378,0.999994,35.930179
clean,,7,0,A_direct,140015,0,True,inf,35.921046,-inf,0.003378,0.999994,35.930179
clean,,7,0,B_fold,140015,0,True,inf,35.921046,-inf,0.003378,0.999994,35.930179
clean,,7,0,C_pipe,140015,0,True,inf,35.921046,-inf,0.003378,0.999994,35.930179
awgn_+30dB,30,0,0,A_direct,140015,0,True,30.002172,32.845121,2.842949,0.006858,0.999866,35.933538
awgn_+30dB,30,0,0,B_fold,140015,0,True,30.002172,32.845121,2.842949,0.006858,0.999866,35.933538
awgn_+30dB,30,0,0,C_pipe,140015,0,True,30.002172,32.845121,2.842949,0.006858,0.999866,35.933538
awgn_+30dB,30,7,0,A_direct,140015,0,True,30.002172,32.845121,2.842949,0.006858,0.999866,35.933538
awgn_+30dB,30,7,0,B_fold,140015,0,True,30.002172,32.845121,2.842949,0.006858,0.999866,35.933538
awgn_+30dB,30,7,0,C_pipe,140015,0,True,30.002172,32.845121,2.842949,0.006858,0.999866,35.933538
awgn_+25dB,25,0,0,A_direct,140015,0,True,24.980591,29.574974,4.594383,0.014562,0.999585,35.912349
awgn_+25dB,25,0,0,B_fold,140015,0,True,24.980591,29.574974,4.594383,0.014562,0.999585,35.912349
awgn_+25dB,25,0,0,C_pipe,140015,0,True,24.980591,29.574974,4.594383,0.014562,0.999585,35.912349
awgn_+25dB,25,7,0,A_direct,140015,0,True,24.980591,29.574974,4.594383,0.014562,0.999585,35.912349
awgn_+25dB,25,7,0,B_fold,140015,0,True,24.980591,29.574974,4.594383,0.014562,0.999585,35.912349
awgn_+25dB,25,7,0,C_pipe,140015,0,True,24.980591,29.574974,4.594383,0.014562,0.999585,35.912349
awgn_+20dB,20,0,0,A_direct,140015,0,True,19.990586,25.37778,5.387194,0.038278,0.998714,35.886658
awgn_+20dB,20,0,0,B_fold,140015,0,True,19.990586,25.37778,5.387194,0.038278,0.998714,35.886658
awgn_+20dB,20,0,0,C_pipe,140015,0,True,19.990586,25.37778,5.387194,0.038278,0.998714,35.886658
awgn_+20dB,20,7,0,A_direct,140015,0,True,19.990586,25.37778,5.387194,0.038278,0.998714,35.886658
awgn_+20dB,20,7,0,B_fold,140015,0,True,19.990586,25.37778,5.387194,0.038278,0.998714,35.886658
awgn_+20dB,20,7,0,C_pipe,140015,0,True,19.990586,25.37778,5.387194,0.038278,0.998714,35.886658
awgn_+15dB,15,0,0,A_direct,140015,0,True,14.992081,20.613972,5.621891,0.114637,0.995932,35.885748
awgn_+15dB,15,0,0,B_fold,140015,0,True,14.992081,20.613972,5.621891,0.114637,0.995932,35.885748
awgn_+15dB,15,0,0,C_pipe,140015,0,True,14.992081,20.613972,5.621891,0.114637,0.995932,35.885748
awgn_+15dB,15,7,0,A_direct,140015,0,True,14.992081,20.613972,5.621891,0.114637,0.995932,35.885748
awgn_+15dB,15,7,0,B_fold,140015,0,True,14.992081,20.613972,5.621891,0.114637,0.995932,35.885748
awgn_+15dB,15,7,0,C_pipe,140015,0,True,14.992081,20.613972,5.621891,0.114637,0.995932,35.885748
awgn_+10dB,10,0,0,A_direct,140015,0,True,10.021441,15.706865,5.685424,0.354843,0.98737,35.813679
awgn_+10dB,10,0,0,B_fold,140015,0,True,10.021441,15.706865,5.685424,0.354843,0.98737,35.813679
awgn_+10dB,10,0,0,C_pipe,140015,0,True,10.021441,15.706865,5.685424,0.354843,0.98737,35.813679
awgn_+10dB,10,7,0,A_direct,140015,0,True,10.021441,15.706865,5.685424,0.354843,0.98737,35.813679
awgn_+10dB,10,7,0,B_fold,140015,0,True,10.021441,15.706865,5.685424,0.354843,0.98737,35.813679
awgn_+10dB,10,7,0,C_pipe,140015,0,True,10.021441,15.706865,5.685424,0.354843,0.98737,35.813679
awgn_+5dB,5,0,0,A_direct,140015,0,True,4.989011,10.744261,5.755251,1.112492,0.961532,35.676356
awgn_+5dB,5,0,0,B_fold,140015,0,True,4.989011,10.744261,5.755251,1.112492,0.961532,35.676356
awgn_+5dB,5,0,0,C_pipe,140015,0,True,4.989011,10.744261,5.755251,1.112492,0.961532,35.676356
awgn_+5dB,5,7,0,A_direct,140015,0,True,4.989011,10.744261,5.755251,1.112492,0.961532,35.676356
awgn_+5dB,5,7,0,B_fold,140015,0,True,4.989011,10.744261,5.755251,1.112492,0.961532,35.676356
awgn_+5dB,5,7,0,C_pipe,140015,0,True,4.989011,10.744261,5.755251,1.112492,0.961532,35.676356
awgn_+1dB,1,0,0,A_direct,140015,0,True,0.985756,6.695146,5.70939,2.826235,0.91034,35.417401
awgn_+1dB,1,0,0,B_fold,140015,0,True,0.985756,6.695146,5.70939,2.826235,0.91034,35.417401
awgn_+1dB,1,0,0,C_pipe,140015,0,True,0.985756,6.695146,5.70939,2.826235,0.91034,35.417401
awgn_+1dB,1,7,0,A_direct,140015,0,True,0.985756,6.695146,5.70939,2.826235,0.91034,35.417401
awgn_+1dB,1,7,0,B_fold,140015,0,True,0.985756,6.695146,5.70939,2.826235,0.91034,35.417401
awgn_+1dB,1,7,0,C_pipe,140015,0,True,0.985756,6.695146,5.70939,2.826235,0.91034,35.417401
awgn_-5dB,-5,0,0,A_direct,140015,0,True,-5.012334,0.762788,5.775122,11.077558,0.740263,35.286843
awgn_-5dB,-5,0,0,B_fold,140015,0,True,-5.012334,0.762788,5.775122,11.077558,0.740263,35.286843
awgn_-5dB,-5,0,0,C_pipe,140015,0,True,-5.012334,0.762788,5.775122,11.077558,0.740263,35.286843
awgn_-5dB,-5,7,0,A_direct,140015,0,True,-5.012334,0.762788,5.775122,11.077558,0.740263,35.286843
awgn_-5dB,-5,7,0,B_fold,140015,0,True,-5.012334,0.762788,5.775122,11.077558,0.740263,35.286843
awgn_-5dB,-5,7,0,C_pipe,140015,0,True,-5.012334,0.762788,5.775122,11.077558,0.740263,35.286843
